{"loss": [3.3741092681884766], "accuracy": [0.13265305757522583], "val_loss": [3.2711713314056396], "val_accuracy": [0.1328125]}